is_ood,true_label,k1_pred,k1_confidence,k1_action,k1_correct,k2_pred,k2_confidence,k2_action,k2_correct,k3_pred,k3_confidence,k3_action,k3_correct,true_class_name
False,17,28,0.337214857339859,Ask for help,False,21,0.3278244137763977,Ask for help,False,28,0.4128558933734894,Ask for help,False,monitor
False,5,29,0.5774293541908264,Ask for help,False,15,0.5026654601097107,Ask for help,False,15,0.3621712923049927,Ask for help,False,car
False,20,19,0.7102950811386108,Ask for help,False,19,0.35556331276893616,Ask for help,False,19,0.23739118874073029,Ask for help,False,piano
False,17,28,0.8530048131942749,Re-scan,False,28,0.42667827010154724,Ask for help,False,28,0.2844579219818115,Ask for help,False,monitor
False,9,19,0.5657311081886292,Ask for help,False,19,0.2828667163848877,Ask for help,False,19,0.18858455121517181,Ask for help,False,desk
False,28,8,0.38066214323043823,Ask for help,False,8,0.28063109517097473,Ask for help,False,8,0.20449961721897125,Ask for help,False,table
False,30,22,0.25865277647972107,Ask for help,False,28,0.29781532287597656,Ask for help,False,28,0.2721309959888458,Ask for help,False,toilet
False,20,8,0.26426565647125244,Ask for help,False,21,0.1942065954208374,Ask for help,False,28,0.36449119448661804,Ask for help,False,piano
False,11,28,0.6539690494537354,Ask for help,False,28,0.32714319229125977,Ask for help,False,28,0.22147774696350098,Ask for help,False,dresser
False,11,28,0.4694133400917053,Ask for help,False,29,0.4638681411743164,Ask for help,False,29,0.510911226272583,Ask for help,False,dresser
False,0,28,0.4234594404697418,Ask for help,False,34,0.24029064178466797,Ask for help,False,19,0.24010016024112701,Ask for help,False,airplane
False,23,6,0.7894180417060852,Re-scan,False,6,0.39491868019104004,Ask for help,False,28,0.29815784096717834,Ask for help,False,range_hood
False,12,21,0.7067252993583679,Ask for help,False,21,0.4406769275665283,Ask for help,False,21,0.3847287893295288,Ask for help,False,flower_pot
False,31,28,0.9380614161491394,Grasp,False,28,0.4690307080745697,Ask for help,False,28,0.31800416111946106,Ask for help,False,tv_stand
False,7,29,0.26643866300582886,Ask for help,False,29,0.21697430312633514,Ask for help,False,7,0.3223617374897003,Ask for help,True,cone
False,20,27,0.45774489641189575,Ask for help,False,27,0.33973050117492676,Ask for help,False,27,0.22995369136333466,Ask for help,False,piano
False,2,19,0.7313792109489441,Ask for help,False,19,0.40086129307746887,Ask for help,False,19,0.3422316014766693,Ask for help,False,bed
False,6,21,0.6268061995506287,Ask for help,False,21,0.346480131149292,Ask for help,False,21,0.2722812294960022,Ask for help,False,chair
False,1,21,0.2410852015018463,Ask for help,False,22,0.16751664876937866,Ask for help,False,21,0.22906720638275146,Ask for help,False,bathtub
False,31,27,0.7404650449752808,Ask for help,False,27,0.7773756980895996,Re-scan,False,27,0.5543698668479919,Ask for help,False,tv_stand
False,25,19,0.7423257231712341,Ask for help,False,19,0.8006131649017334,Re-scan,False,19,0.534177303314209,Ask for help,False,sofa
False,15,15,0.9234796762466431,Grasp,True,15,0.9193126559257507,Grasp,True,15,0.9394774436950684,Grasp,True,lamp
False,23,21,0.41354742646217346,Ask for help,False,28,0.4205290377140045,Ask for help,False,28,0.5770173072814941,Ask for help,False,range_hood
False,16,21,0.46372509002685547,Ask for help,False,21,0.3131157159805298,Ask for help,False,28,0.27054694294929504,Ask for help,False,mantel
True,5,7,0.3886758089065552,Ask for help,,15,0.3075222671031952,Ask for help,,29,0.27449190616607666,Ask for help,,bottle
False,17,28,0.8383175730705261,Re-scan,False,28,0.8639898300170898,Re-scan,False,28,0.5759932398796082,Ask for help,False,monitor
False,32,29,0.5146593451499939,Ask for help,False,29,0.3957013785839081,Ask for help,False,29,0.2638471722602844,Ask for help,False,vase
False,0,8,0.6203460693359375,Ask for help,False,8,0.49193882942199707,Ask for help,False,8,0.47243496775627136,Ask for help,False,airplane
False,1,19,0.35387465357780457,Ask for help,False,19,0.17891845107078552,Ask for help,False,29,0.2720510959625244,Ask for help,False,bathtub
False,4,8,0.36395660042762756,Ask for help,False,15,0.22728686034679413,Ask for help,False,15,0.37539318203926086,Ask for help,False,bookshelf
False,18,28,0.5506384372711182,Ask for help,False,28,0.5977094173431396,Ask for help,False,28,0.44961658120155334,Ask for help,False,night_stand
False,21,21,0.9146050810813904,Grasp,True,21,0.8407304286956787,Re-scan,True,21,0.8066408634185791,Re-scan,True,plant
False,23,28,0.31764930486679077,Ask for help,False,6,0.35205796360969543,Ask for help,False,6,0.2837248146533966,Ask for help,False,range_hood
False,14,22,0.448784738779068,Ask for help,False,22,0.22864332795143127,Ask for help,False,22,0.232355535030365,Ask for help,False,guitar
False,13,8,0.27577248215675354,Ask for help,False,8,0.36556804180145264,Ask for help,False,8,0.24865587055683136,Ask for help,False,glass_box
False,1,22,0.28313109278678894,Ask for help,False,29,0.1709507256746292,Ask for help,False,19,0.29267749190330505,Ask for help,False,bathtub
False,23,29,0.6523408889770508,Ask for help,False,6,0.34193187952041626,Ask for help,False,6,0.26728275418281555,Ask for help,False,range_hood
False,6,28,0.7164895534515381,Ask for help,False,28,0.5440092086791992,Ask for help,False,28,0.36436495184898376,Ask for help,False,chair
False,21,21,0.4635204076766968,Ask for help,True,21,0.3052777051925659,Ask for help,True,21,0.3197089731693268,Ask for help,True,plant
False,5,24,0.40478578209877014,Ask for help,False,24,0.48623907566070557,Ask for help,False,24,0.3270312249660492,Ask for help,False,car
False,0,8,0.41902634501457214,Ask for help,False,0,0.42718732357025146,Ask for help,True,0,0.28840795159339905,Ask for help,True,airplane
False,28,28,0.9940516352653503,Grasp,True,28,0.7994803190231323,Re-scan,True,28,0.8627981543540955,Re-scan,True,table
False,27,28,0.9133031368255615,Grasp,False,28,0.4639083445072174,Ask for help,False,28,0.3786299526691437,Ask for help,False,stool
False,6,28,0.8016167283058167,Re-scan,False,28,0.4008086323738098,Ask for help,False,28,0.2673613131046295,Ask for help,False,chair
False,6,21,0.4345935583114624,Ask for help,False,28,0.351909875869751,Ask for help,False,28,0.23460932075977325,Ask for help,False,chair
False,13,27,0.8818589448928833,Grasp,False,27,0.45928922295570374,Ask for help,False,27,0.5632089972496033,Ask for help,False,glass_box
False,20,21,0.327360600233078,Ask for help,False,9,0.17612490057945251,Ask for help,False,21,0.2870200276374817,Ask for help,False,piano
True,5,22,0.4566616714000702,Ask for help,,22,0.24547287821769714,Ask for help,,29,0.22028617560863495,Ask for help,,bottle
False,22,21,0.5748292207717896,Ask for help,False,21,0.4874451756477356,Ask for help,False,21,0.5802941918373108,Ask for help,False,radio
False,28,8,0.5350863337516785,Ask for help,False,8,0.30787259340286255,Ask for help,False,28,0.38648173213005066,Ask for help,True,table
False,25,29,0.632797122001648,Ask for help,False,29,0.31642335653305054,Ask for help,False,2,0.2372933030128479,Ask for help,False,sofa
True,5,6,0.24446001648902893,Ask for help,,22,0.36944931745529175,Ask for help,,15,0.32094791531562805,Ask for help,,bottle
False,28,8,0.24905718863010406,Ask for help,False,8,0.19877853989601135,Ask for help,False,28,0.30182915925979614,Ask for help,True,table
False,33,29,0.35050728917121887,Ask for help,False,21,0.22630535066127777,Ask for help,False,28,0.34351682662963867,Ask for help,False,wardrobe
False,27,21,0.3618408143520355,Ask for help,False,29,0.2388237565755844,Ask for help,False,29,0.19945983588695526,Ask for help,False,stool
False,22,14,0.5015342235565186,Ask for help,False,8,0.3747972249984741,Ask for help,False,8,0.36313462257385254,Ask for help,False,radio
False,24,30,0.26833999156951904,Ask for help,False,28,0.3975619971752167,Ask for help,False,30,0.3038393557071686,Ask for help,False,sink
False,13,28,0.4333582818508148,Ask for help,False,28,0.4429805874824524,Ask for help,False,28,0.5204394459724426,Ask for help,False,glass_box
False,21,28,0.5811733603477478,Ask for help,False,28,0.4654349982738495,Ask for help,False,21,0.525303065776825,Ask for help,True,plant
False,2,29,0.451789915561676,Ask for help,False,28,0.44672051072120667,Ask for help,False,28,0.2979600429534912,Ask for help,False,bed
False,0,8,0.4704959988594055,Ask for help,False,0,0.3441222906112671,Ask for help,True,0,0.44895270466804504,Ask for help,True,airplane
False,29,22,0.3414529263973236,Ask for help,False,29,0.29665523767471313,Ask for help,True,29,0.2901243567466736,Ask for help,True,tent
False,1,0,0.8530933260917664,Re-scan,False,0,0.843172550201416,Re-scan,False,0,0.5652976036071777,Ask for help,False,bathtub
False,29,22,0.5540921092033386,Ask for help,False,22,0.5768795013427734,Ask for help,False,22,0.3928534686565399,Ask for help,False,tent
False,30,8,0.3877275586128235,Ask for help,False,8,0.5779716968536377,Ask for help,False,8,0.38594451546669006,Ask for help,False,toilet
False,25,29,0.5768522620201111,Ask for help,False,28,0.4206524193286896,Ask for help,False,28,0.5287644267082214,Ask for help,False,sofa
False,11,29,0.9173845648765564,Grasp,False,29,0.4821588397026062,Ask for help,False,29,0.5882896780967712,Ask for help,False,dresser
False,23,34,0.41909295320510864,Ask for help,False,8,0.27609679102897644,Ask for help,False,28,0.2795371115207672,Ask for help,False,range_hood
False,14,22,0.46228542923927307,Ask for help,False,22,0.43644556403160095,Ask for help,False,22,0.35137900710105896,Ask for help,False,guitar
False,21,21,0.7521334290504456,Ask for help,True,21,0.43837836384773254,Ask for help,True,21,0.40539899468421936,Ask for help,True,plant
False,32,28,0.7825077176094055,Re-scan,False,28,0.4093150794506073,Ask for help,False,28,0.27290472388267517,Ask for help,False,vase
False,4,27,0.3080078065395355,Ask for help,False,27,0.1911052167415619,Ask for help,False,28,0.1834283471107483,Ask for help,False,bookshelf
False,28,8,0.37959209084510803,Ask for help,False,28,0.38422369956970215,Ask for help,True,28,0.2845405042171478,Ask for help,True,table
False,4,28,0.39677146077156067,Ask for help,False,3,0.3374863266944885,Ask for help,False,3,0.23185986280441284,Ask for help,False,bookshelf
False,27,21,0.5349945425987244,Ask for help,False,21,0.6695859432220459,Ask for help,False,21,0.5517830848693848,Ask for help,False,stool
False,30,26,0.3908487856388092,Ask for help,False,6,0.2965276837348938,Ask for help,False,6,0.2323477417230606,Ask for help,False,toilet
False,28,8,0.43171557784080505,Ask for help,False,8,0.23406757414340973,Ask for help,False,15,0.2248176783323288,Ask for help,False,table
False,16,15,0.6856193542480469,Ask for help,False,15,0.38328641653060913,Ask for help,False,21,0.3829415738582611,Ask for help,False,mantel
False,6,6,0.9784123301506042,Grasp,True,6,0.6595975160598755,Ask for help,True,6,0.6971848011016846,Ask for help,True,chair
True,18,14,0.28146111965179443,Ask for help,,8,0.40507614612579346,Ask for help,,8,0.46533605456352234,Ask for help,,keyboard
False,12,21,0.47991257905960083,Ask for help,False,21,0.5766125321388245,Ask for help,False,21,0.6039571762084961,Ask for help,False,flower_pot
False,16,21,0.31689661741256714,Ask for help,False,21,0.4422338008880615,Ask for help,False,21,0.4222092926502228,Ask for help,False,mantel
False,23,8,0.6930919289588928,Ask for help,False,28,0.4270799458026886,Ask for help,False,28,0.2847536504268646,Ask for help,False,range_hood
False,21,28,0.8962263464927673,Grasp,False,28,0.4481222629547119,Ask for help,False,28,0.2988082468509674,Ask for help,False,plant
False,17,28,0.4704686999320984,Ask for help,False,28,0.3150487542152405,Ask for help,False,14,0.2540917694568634,Ask for help,False,monitor
False,1,8,0.24814634025096893,Ask for help,False,8,0.29984861612319946,Ask for help,False,28,0.3223046362400055,Ask for help,False,bathtub
False,16,28,0.7273427248001099,Ask for help,False,28,0.443982869386673,Ask for help,False,28,0.48050108551979065,Ask for help,False,mantel
False,4,8,0.549869179725647,Ask for help,False,19,0.46750906109809875,Ask for help,False,19,0.31185606122016907,Ask for help,False,bookshelf
True,5,29,0.560351550579071,Ask for help,,7,0.4719492197036743,Ask for help,,7,0.483896404504776,Ask for help,,bottle
False,15,15,0.5216020941734314,Ask for help,True,15,0.35891494154930115,Ask for help,True,15,0.3033468425273895,Ask for help,True,lamp
False,18,28,0.5635608434677124,Ask for help,False,28,0.2818848192691803,Ask for help,False,6,0.41114190220832825,Ask for help,False,night_stand
False,13,28,0.5377089977264404,Ask for help,False,28,0.26885533332824707,Ask for help,False,28,0.17923693358898163,Ask for help,False,glass_box
False,16,8,0.20443888008594513,Ask for help,False,8,0.18729019165039062,Ask for help,False,22,0.18651561439037323,Ask for help,False,mantel
False,21,21,0.4078230559825897,Ask for help,True,8,0.4039570391178131,Ask for help,False,19,0.30893516540527344,Ask for help,False,plant
False,0,8,0.6300774812698364,Ask for help,False,8,0.455623596906662,Ask for help,False,8,0.5511832237243652,Ask for help,False,airplane
False,13,19,0.7355499863624573,Ask for help,False,19,0.7612876892089844,Ask for help,False,19,0.7129130363464355,Ask for help,False,glass_box
False,30,30,0.6251688003540039,Ask for help,True,30,0.32560914754867554,Ask for help,True,30,0.2177489995956421,Ask for help,True,toilet
False,4,8,0.44086435437202454,Ask for help,False,21,0.40472739934921265,Ask for help,False,21,0.41305068135261536,Ask for help,False,bookshelf
False,23,28,0.7728792428970337,Ask for help,False,28,0.42216920852661133,Ask for help,False,15,0.3808532655239105,Ask for help,False,range_hood
False,13,28,0.8492807149887085,Re-scan,False,28,0.4377497732639313,Ask for help,False,28,0.3628070652484894,Ask for help,False,glass_box
False,17,8,0.47833308577537537,Ask for help,False,0,0.2768914997577667,Ask for help,False,0,0.2633165717124939,Ask for help,False,monitor
False,4,8,0.4373489320278168,Ask for help,False,8,0.2767184376716614,Ask for help,False,8,0.22829006612300873,Ask for help,False,bookshelf
False,16,8,0.36296722292900085,Ask for help,False,8,0.401886522769928,Ask for help,False,8,0.2718181610107422,Ask for help,False,mantel
False,4,28,0.29351428151130676,Ask for help,False,27,0.3671962022781372,Ask for help,False,27,0.2658478915691376,Ask for help,False,bookshelf
False,10,21,0.3601650893688202,Ask for help,False,8,0.41901281476020813,Ask for help,False,8,0.39460811018943787,Ask for help,False,door
False,29,10,0.6869388818740845,Ask for help,False,10,0.3465140163898468,Ask for help,False,10,0.23166906833648682,Ask for help,False,tent
False,6,29,0.3559572994709015,Ask for help,False,28,0.3141390085220337,Ask for help,False,28,0.3362385034561157,Ask for help,False,chair
False,24,29,0.9291688203811646,Grasp,False,29,0.47930628061294556,Ask for help,False,29,0.3211677372455597,Ask for help,False,sink
False,28,0,0.22931942343711853,Ask for help,False,28,0.4912337064743042,Ask for help,True,28,0.32748913764953613,Ask for help,True,table
False,11,28,0.505922257900238,Ask for help,False,28,0.6086204648017883,Ask for help,False,29,0.4947082996368408,Ask for help,False,dresser
False,14,8,0.5815059542655945,Ask for help,False,8,0.7388401031494141,Ask for help,False,8,0.4978450536727905,Ask for help,False,guitar
False,17,29,0.7551770806312561,Ask for help,False,29,0.7295398116111755,Ask for help,False,29,0.6898870468139648,Ask for help,False,monitor
False,4,28,0.4364338219165802,Ask for help,False,28,0.21857577562332153,Ask for help,False,8,0.2058364748954773,Ask for help,False,bookshelf
False,20,2,0.39248600602149963,Ask for help,False,2,0.3116964101791382,Ask for help,False,2,0.20797549188137054,Ask for help,False,piano
False,6,6,0.3774271607398987,Ask for help,True,6,0.400271475315094,Ask for help,True,6,0.2669229507446289,Ask for help,True,chair
False,14,8,0.810424268245697,Re-scan,False,8,0.5287593603134155,Ask for help,False,8,0.3955872058868408,Ask for help,False,guitar
False,4,8,0.6529268622398376,Ask for help,False,8,0.7047706842422485,Ask for help,False,8,0.6742312908172607,Ask for help,False,bookshelf
False,31,27,0.4968301057815552,Ask for help,False,27,0.5429528951644897,Ask for help,False,27,0.49229422211647034,Ask for help,False,tv_stand
False,9,8,0.41723716259002686,Ask for help,False,8,0.2215280532836914,Ask for help,False,29,0.2461204081773758,Ask for help,False,desk
False,16,19,0.6787367463111877,Ask for help,False,19,0.3394674062728882,Ask for help,False,19,0.22695624828338623,Ask for help,False,mantel
False,6,6,0.3952953517436981,Ask for help,True,6,0.5288096070289612,Ask for help,True,6,0.409950852394104,Ask for help,True,chair
False,16,28,0.578507125377655,Ask for help,False,28,0.6877014636993408,Ask for help,False,28,0.7507559657096863,Ask for help,False,mantel
False,23,6,0.636805534362793,Ask for help,False,6,0.33868008852005005,Ask for help,False,28,0.24856440722942352,Ask for help,False,range_hood
False,21,21,0.7020817399024963,Ask for help,True,21,0.4897586703300476,Ask for help,True,21,0.32942894101142883,Ask for help,True,plant
False,9,8,0.4636112153530121,Ask for help,False,8,0.24004188179969788,Ask for help,False,9,0.3729386329650879,Ask for help,True,desk
False,0,26,0.30953678488731384,Ask for help,False,14,0.2552502155303955,Ask for help,False,28,0.1979420930147171,Ask for help,False,airplane
False,0,8,0.36636826395988464,Ask for help,False,8,0.44857221841812134,Ask for help,False,8,0.549527645111084,Ask for help,False,airplane
False,21,21,0.7377220392227173,Ask for help,True,21,0.4966113567352295,Ask for help,True,28,0.45111823081970215,Ask for help,False,plant
False,25,8,0.4028054177761078,Ask for help,False,30,0.2559780478477478,Ask for help,False,8,0.2613172233104706,Ask for help,False,sofa
False,34,29,0.7381389737129211,Ask for help,False,29,0.5790362358093262,Ask for help,False,29,0.548145592212677,Ask for help,False,xbox
False,1,2,0.2758403718471527,Ask for help,False,29,0.44891852140426636,Ask for help,False,29,0.40777483582496643,Ask for help,False,bathtub
False,6,6,0.6818429231643677,Ask for help,True,6,0.5833252668380737,Ask for help,True,6,0.3998205363750458,Ask for help,True,chair
False,29,10,0.28607553243637085,Ask for help,False,28,0.23757056891918182,Ask for help,False,28,0.3601527512073517,Ask for help,False,tent
False,6,8,0.43740496039390564,Ask for help,False,8,0.24057477712631226,Ask for help,False,8,0.2885662317276001,Ask for help,False,chair
False,4,28,0.5456472635269165,Ask for help,False,28,0.3412145674228668,Ask for help,False,27,0.38260260224342346,Ask for help,False,bookshelf
False,16,28,0.4212854504585266,Ask for help,False,28,0.32918864488601685,Ask for help,False,28,0.3064495325088501,Ask for help,False,mantel
True,5,7,0.4187217950820923,Ask for help,,7,0.4019308090209961,Ask for help,,7,0.27006715536117554,Ask for help,,bottle
False,13,28,0.4979073703289032,Ask for help,False,28,0.6650967001914978,Ask for help,False,28,0.4436958134174347,Ask for help,False,glass_box
False,28,28,0.9415047764778137,Grasp,True,28,0.4727148413658142,Ask for help,True,8,0.32715630531311035,Ask for help,False,table
False,23,6,0.6627758145332336,Ask for help,False,6,0.3318990468978882,Ask for help,False,6,0.4125387668609619,Ask for help,False,range_hood
False,9,28,0.23258434236049652,Ask for help,False,28,0.4977620840072632,Ask for help,False,28,0.3418450653553009,Ask for help,False,desk
False,30,26,0.7910335659980774,Re-scan,False,26,0.8207499384880066,Re-scan,False,26,0.5487415790557861,Ask for help,False,toilet
False,10,26,0.7190777063369751,Ask for help,False,26,0.36354494094848633,Ask for help,False,26,0.4887022078037262,Ask for help,False,door
False,2,8,0.410934716463089,Ask for help,False,19,0.2937914729118347,Ask for help,False,8,0.20241348445415497,Ask for help,False,bed
False,6,6,0.8002294898033142,Re-scan,True,6,0.5493744611740112,Ask for help,True,6,0.4284569025039673,Ask for help,True,chair
False,25,19,0.37003543972969055,Ask for help,False,19,0.5825285911560059,Ask for help,False,19,0.40490520000457764,Ask for help,False,sofa
False,21,19,0.4277535378932953,Ask for help,False,19,0.21691274642944336,Ask for help,False,28,0.21378390491008759,Ask for help,False,plant
False,0,9,0.2732258141040802,Ask for help,False,8,0.18440282344818115,Ask for help,False,9,0.23480994999408722,Ask for help,False,airplane
False,21,28,0.6828261613845825,Ask for help,False,28,0.6201220750808716,Ask for help,False,28,0.4134197533130646,Ask for help,False,plant
False,28,28,0.7815881371498108,Re-scan,True,28,0.39192405343055725,Ask for help,True,28,0.5892119407653809,Ask for help,True,table
False,27,8,0.27695396542549133,Ask for help,False,15,0.1814567893743515,Ask for help,False,28,0.16457022726535797,Ask for help,False,stool
False,25,19,0.7365190982818604,Ask for help,False,19,0.695070743560791,Ask for help,False,19,0.6419880986213684,Ask for help,False,sofa
False,17,8,0.266237735748291,Ask for help,False,8,0.3880764842033386,Ask for help,False,8,0.2772236764431,Ask for help,False,monitor
False,26,21,0.44800126552581787,Ask for help,False,21,0.3306935727596283,Ask for help,False,21,0.39454641938209534,Ask for help,False,stairs
False,20,6,0.277389258146286,Ask for help,False,21,0.3070349097251892,Ask for help,False,21,0.21127308905124664,Ask for help,False,piano
False,19,21,0.38003289699554443,Ask for help,False,21,0.3422703146934509,Ask for help,False,21,0.31840118765830994,Ask for help,False,person
False,28,28,0.9622485041618347,Grasp,True,28,0.48118898272514343,Ask for help,True,28,0.323093444108963,Ask for help,True,table
False,2,29,0.504196047782898,Ask for help,False,29,0.3454272150993347,Ask for help,False,19,0.2840019166469574,Ask for help,False,bed
False,30,28,0.5021278858184814,Ask for help,False,30,0.35870516300201416,Ask for help,True,30,0.2459821105003357,Ask for help,True,toilet
False,21,21,0.28105098009109497,Ask for help,True,19,0.294786274433136,Ask for help,False,21,0.2840981185436249,Ask for help,True,plant
False,19,22,0.21852581202983856,Ask for help,False,19,0.18423661589622498,Ask for help,True,21,0.17378860712051392,Ask for help,False,person
False,13,29,0.7253560423851013,Ask for help,False,29,0.3661175072193146,Ask for help,False,29,0.24422644078731537,Ask for help,False,glass_box
False,2,29,0.24246565997600555,Ask for help,False,2,0.22166146337985992,Ask for help,True,28,0.2962822914123535,Ask for help,False,bed
True,5,15,0.4487021267414093,Ask for help,,15,0.40382397174835205,Ask for help,,15,0.33706188201904297,Ask for help,,bottle
False,6,28,0.3449569046497345,Ask for help,False,28,0.5899193286895752,Ask for help,False,28,0.5730133652687073,Ask for help,False,chair
False,4,8,0.5106236934661865,Ask for help,False,8,0.4506484270095825,Ask for help,False,8,0.42628106474876404,Ask for help,False,bookshelf
False,19,21,0.5714682936668396,Ask for help,False,21,0.42594486474990845,Ask for help,False,21,0.49433502554893494,Ask for help,False,person
False,13,30,0.7262744903564453,Ask for help,False,28,0.3641352653503418,Ask for help,False,28,0.2471570372581482,Ask for help,False,glass_box
False,21,21,0.2378077208995819,Ask for help,True,15,0.3384447693824768,Ask for help,False,15,0.26242563128471375,Ask for help,False,plant
False,17,19,0.7831345796585083,Re-scan,False,28,0.4418637156486511,Ask for help,False,19,0.3707263767719269,Ask for help,False,monitor
False,9,30,0.4401297867298126,Ask for help,False,22,0.30357787013053894,Ask for help,False,22,0.2089611291885376,Ask for help,False,desk
False,31,27,0.46345582604408264,Ask for help,False,27,0.640953540802002,Ask for help,False,27,0.5324839949607849,Ask for help,False,tv_stand
False,0,8,0.5886138081550598,Ask for help,False,8,0.31936201453208923,Ask for help,False,8,0.21876715123653412,Ask for help,False,airplane
True,20,29,0.4059390425682068,Ask for help,,29,0.20353004336357117,Ask for help,,29,0.2583194971084595,Ask for help,,laptop
False,3,8,0.5180558562278748,Ask for help,False,8,0.2594638466835022,Ask for help,False,8,0.3344166576862335,Ask for help,False,bench
False,13,27,0.7982007265090942,Re-scan,False,27,0.7313638925552368,Ask for help,False,27,0.6981084942817688,Ask for help,False,glass_box
False,12,21,0.44641903042793274,Ask for help,False,19,0.3649243414402008,Ask for help,False,21,0.27634117007255554,Ask for help,False,flower_pot
False,31,10,0.823986828327179,Re-scan,False,10,0.4131543040275574,Ask for help,False,10,0.371243953704834,Ask for help,False,tv_stand
False,30,19,0.5396498441696167,Ask for help,False,19,0.2704366445541382,Ask for help,False,8,0.236047625541687,Ask for help,False,toilet
False,6,28,0.4818049371242523,Ask for help,False,8,0.27231860160827637,Ask for help,False,6,0.24857906997203827,Ask for help,True,chair
False,10,28,0.26719537377357483,Ask for help,False,10,0.3136177062988281,Ask for help,True,21,0.3180447518825531,Ask for help,False,door
False,13,2,0.3717614412307739,Ask for help,False,19,0.320002943277359,Ask for help,False,19,0.21337099373340607,Ask for help,False,glass_box
False,13,28,0.5302116274833679,Ask for help,False,28,0.265656977891922,Ask for help,False,9,0.23385374248027802,Ask for help,False,glass_box
False,17,8,0.33559754490852356,Ask for help,False,29,0.333114355802536,Ask for help,False,8,0.3701417148113251,Ask for help,False,monitor
False,26,21,0.28334280848503113,Ask for help,False,21,0.35090821981430054,Ask for help,False,21,0.354092001914978,Ask for help,False,stairs
False,13,28,0.8992294073104858,Grasp,False,28,0.4497844874858856,Ask for help,False,28,0.5553538203239441,Ask for help,False,glass_box
False,23,29,0.5759451389312744,Ask for help,False,29,0.31269708275794983,Ask for help,False,15,0.38984107971191406,Ask for help,False,range_hood
False,25,2,0.4000170826911926,Ask for help,False,19,0.4632554352283478,Ask for help,False,19,0.30890974402427673,Ask for help,False,sofa
False,17,30,0.3208146393299103,Ask for help,False,6,0.276865690946579,Ask for help,False,28,0.2620069086551666,Ask for help,False,monitor
False,13,28,0.7012007236480713,Ask for help,False,28,0.36464205384254456,Ask for help,False,28,0.31529268622398376,Ask for help,False,glass_box
False,32,21,0.6950085163116455,Ask for help,False,21,0.7483745813369751,Ask for help,False,21,0.5062714219093323,Ask for help,False,vase
False,1,29,0.2556075155735016,Ask for help,False,8,0.3062625825405121,Ask for help,False,28,0.2638274133205414,Ask for help,False,bathtub
False,5,28,0.6851915717124939,Ask for help,False,28,0.415319561958313,Ask for help,False,28,0.3172394335269928,Ask for help,False,car
False,25,2,0.4540390074253082,Ask for help,False,28,0.4919792115688324,Ask for help,False,28,0.3279893100261688,Ask for help,False,sofa
False,7,29,0.4002607464790344,Ask for help,False,29,0.49479132890701294,Ask for help,False,29,0.4279087483882904,Ask for help,False,cone
False,17,28,0.7313660383224487,Ask for help,False,28,0.37450844049453735,Ask for help,False,28,0.5462949275970459,Ask for help,False,monitor
False,32,29,0.4127705693244934,Ask for help,False,29,0.26286134123802185,Ask for help,False,29,0.3149716258049011,Ask for help,False,vase
False,29,19,0.3539733290672302,Ask for help,False,29,0.5011599659919739,Ask for help,True,29,0.45345091819763184,Ask for help,True,tent
False,6,28,0.2932530641555786,Ask for help,False,28,0.3679090142250061,Ask for help,False,8,0.2682838439941406,Ask for help,False,chair
False,24,19,0.5997334718704224,Ask for help,False,19,0.2998770475387573,Ask for help,False,19,0.19994372129440308,Ask for help,False,sink
False,12,21,0.3746042251586914,Ask for help,False,21,0.5515670776367188,Ask for help,False,21,0.4671681225299835,Ask for help,False,flower_pot
False,14,8,0.8679283857345581,Re-scan,False,8,0.8434470891952515,Re-scan,False,8,0.7915406823158264,Re-scan,False,guitar
False,13,21,0.3917970657348633,Ask for help,False,21,0.4591963291168213,Ask for help,False,8,0.42229142785072327,Ask for help,False,glass_box
False,11,28,0.674121618270874,Ask for help,False,28,0.337065726518631,Ask for help,False,28,0.4164629280567169,Ask for help,False,dresser
False,7,7,0.8120889067649841,Re-scan,True,7,0.4192580282688141,Ask for help,True,7,0.2800891399383545,Ask for help,True,cone
False,25,28,0.400506854057312,Ask for help,False,19,0.309874027967453,Ask for help,False,19,0.21120470762252808,Ask for help,False,sofa
False,13,28,0.3516787886619568,Ask for help,False,28,0.5078703165054321,Ask for help,False,28,0.40519484877586365,Ask for help,False,glass_box
False,30,28,0.8684223890304565,Re-scan,False,28,0.4358314275741577,Ask for help,False,28,0.6011045575141907,Ask for help,False,toilet
False,11,15,0.493834525346756,Ask for help,False,28,0.35713544487953186,Ask for help,False,28,0.23810319602489471,Ask for help,False,dresser
False,9,26,0.5153487920761108,Ask for help,False,19,0.2749365270137787,Ask for help,False,8,0.24038656055927277,Ask for help,False,desk
False,23,8,0.36988502740859985,Ask for help,False,26,0.2509819567203522,Ask for help,False,6,0.3150709271430969,Ask for help,False,range_hood
False,5,6,0.6693464517593384,Ask for help,False,6,0.42867380380630493,Ask for help,False,6,0.5577351450920105,Ask for help,False,car
False,17,28,0.5506373643875122,Ask for help,False,19,0.3581881523132324,Ask for help,False,19,0.23902194201946259,Ask for help,False,monitor
False,23,28,0.38321051001548767,Ask for help,False,28,0.449476420879364,Ask for help,False,28,0.40523120760917664,Ask for help,False,range_hood
False,14,26,0.26327258348464966,Ask for help,False,14,0.32481619715690613,Ask for help,True,14,0.504649817943573,Ask for help,True,guitar
False,27,27,0.32669010758399963,Ask for help,True,19,0.3510909974575043,Ask for help,False,19,0.23406082391738892,Ask for help,False,stool
False,7,22,0.29083627462387085,Ask for help,False,21,0.31275492906570435,Ask for help,False,21,0.2832704484462738,Ask for help,False,cone
False,4,8,0.3048693835735321,Ask for help,False,8,0.37890028953552246,Ask for help,False,8,0.27899888157844543,Ask for help,False,bookshelf
False,0,8,0.6045529842376709,Ask for help,False,8,0.5135756731033325,Ask for help,False,8,0.5956217646598816,Ask for help,False,airplane
False,32,29,0.31887760758399963,Ask for help,False,29,0.2530491352081299,Ask for help,False,15,0.19873590767383575,Ask for help,False,vase
False,14,8,0.5793104767799377,Ask for help,False,8,0.5633495450019836,Ask for help,False,8,0.6269012093544006,Ask for help,False,guitar
False,13,2,0.521655797958374,Ask for help,False,2,0.260827898979187,Ask for help,False,2,0.2617720663547516,Ask for help,False,glass_box
False,4,21,0.4286715090274811,Ask for help,False,19,0.38084569573402405,Ask for help,False,19,0.2544309198856354,Ask for help,False,bookshelf
True,5,27,0.24417108297348022,Ask for help,,21,0.2102811485528946,Ask for help,,21,0.2311636209487915,Ask for help,,bottle
False,22,22,0.4292878806591034,Ask for help,True,22,0.4807712435722351,Ask for help,True,22,0.48722076416015625,Ask for help,True,radio
False,30,30,0.37824562191963196,Ask for help,True,30,0.1982376128435135,Ask for help,True,21,0.2354838103055954,Ask for help,False,toilet
False,1,29,0.5543063282966614,Ask for help,False,28,0.4589032232761383,Ask for help,False,28,0.31406036019325256,Ask for help,False,bathtub
False,30,21,0.42585888504981995,Ask for help,False,30,0.3191970884799957,Ask for help,True,28,0.2683146595954895,Ask for help,False,toilet
False,16,10,0.47245344519615173,Ask for help,False,28,0.42865800857543945,Ask for help,False,10,0.365924596786499,Ask for help,False,mantel
False,30,21,0.3233533501625061,Ask for help,False,21,0.2637275159358978,Ask for help,False,8,0.3081892132759094,Ask for help,False,toilet
False,33,27,0.6041882634162903,Ask for help,False,27,0.34300920367240906,Ask for help,False,27,0.23213662207126617,Ask for help,False,wardrobe
False,18,6,0.37330105900764465,Ask for help,False,6,0.3011448383331299,Ask for help,False,28,0.3993707597255707,Ask for help,False,night_stand
False,20,28,0.9144330620765686,Grasp,False,28,0.496141254901886,Ask for help,False,28,0.3322189748287201,Ask for help,False,piano
False,1,2,0.3357422649860382,Ask for help,False,29,0.27826187014579773,Ask for help,False,29,0.2977505624294281,Ask for help,False,bathtub
False,18,30,0.6631742715835571,Ask for help,False,30,0.33158719539642334,Ask for help,False,28,0.33009716868400574,Ask for help,False,night_stand
False,11,21,0.4225161671638489,Ask for help,False,21,0.2112821787595749,Ask for help,False,28,0.2578887343406677,Ask for help,False,dresser
False,16,27,0.3622416853904724,Ask for help,False,28,0.42340028285980225,Ask for help,False,28,0.36750856041908264,Ask for help,False,mantel
False,9,8,0.41474035382270813,Ask for help,False,8,0.2572297751903534,Ask for help,False,28,0.3026179373264313,Ask for help,False,desk
False,3,28,0.3804689049720764,Ask for help,False,27,0.3073441982269287,Ask for help,False,28,0.37852635979652405,Ask for help,False,bench
False,32,7,0.5982739925384521,Ask for help,False,22,0.37540334463119507,Ask for help,False,22,0.3834690749645233,Ask for help,False,vase
False,14,22,0.5194815993309021,Ask for help,False,8,0.39155617356300354,Ask for help,False,8,0.46031150221824646,Ask for help,False,guitar
False,23,30,0.21458874642848969,Ask for help,False,26,0.33800485730171204,Ask for help,False,26,0.2275397628545761,Ask for help,False,range_hood
False,21,28,0.531378448009491,Ask for help,False,28,0.6292333602905273,Ask for help,False,28,0.4195958375930786,Ask for help,False,plant
False,21,19,0.44967174530029297,Ask for help,False,8,0.23302532732486725,Ask for help,False,21,0.19034095108509064,Ask for help,True,plant
False,23,28,0.7693687677383423,Ask for help,False,28,0.38598453998565674,Ask for help,False,28,0.46777400374412537,Ask for help,False,range_hood
False,1,28,0.8223870396614075,Re-scan,False,28,0.412257581949234,Ask for help,False,28,0.27530035376548767,Ask for help,False,bathtub
False,2,19,0.5696783065795898,Ask for help,False,19,0.600519061088562,Ask for help,False,19,0.4004393517971039,Ask for help,False,bed
False,21,21,0.5588287711143494,Ask for help,True,21,0.649004340171814,Ask for help,True,21,0.4965347349643707,Ask for help,True,plant
False,28,8,0.42214635014533997,Ask for help,False,8,0.463778018951416,Ask for help,False,8,0.36557963490486145,Ask for help,False,table
False,30,30,0.7067860960960388,Ask for help,True,30,0.356423556804657,Ask for help,True,19,0.26536446809768677,Ask for help,False,toilet
True,18,8,0.417004257440567,Ask for help,,28,0.30105870962142944,Ask for help,,8,0.320837140083313,Ask for help,,keyboard
False,25,19,0.4104183316230774,Ask for help,False,6,0.3103146255016327,Ask for help,False,28,0.31359073519706726,Ask for help,False,sofa
False,2,26,0.28617486357688904,Ask for help,False,15,0.18410158157348633,Ask for help,False,15,0.17667214572429657,Ask for help,False,bed
False,21,28,0.8932177424430847,Grasp,False,28,0.44661077857017517,Ask for help,False,28,0.5423224568367004,Ask for help,False,plant
False,23,19,0.3359414041042328,Ask for help,False,28,0.38798683881759644,Ask for help,False,6,0.3737480640411377,Ask for help,False,range_hood
False,11,29,0.5184791684150696,Ask for help,False,28,0.46964773535728455,Ask for help,False,28,0.45084595680236816,Ask for help,False,dresser
False,13,8,0.21661990880966187,Ask for help,False,29,0.3316154479980469,Ask for help,False,29,0.2212579995393753,Ask for help,False,glass_box
True,10,15,0.615927517414093,Ask for help,,15,0.3478650152683258,Ask for help,,15,0.27275267243385315,Ask for help,,cup
False,12,21,0.39329731464385986,Ask for help,False,21,0.3008294403553009,Ask for help,False,27,0.22902719676494598,Ask for help,False,flower_pot
False,6,6,0.4757249653339386,Ask for help,True,6,0.5632207989692688,Ask for help,True,6,0.44161438941955566,Ask for help,True,chair
False,25,19,0.7408074736595154,Ask for help,False,19,0.5311186909675598,Ask for help,False,19,0.3541400134563446,Ask for help,False,sofa
False,13,19,0.324159175157547,Ask for help,False,28,0.25216424465179443,Ask for help,False,28,0.21762703359127045,Ask for help,False,glass_box
True,5,19,0.8275004029273987,Re-scan,,19,0.4137679934501648,Ask for help,,19,0.2758482098579407,Ask for help,,bottle
False,14,8,0.4998091459274292,Ask for help,False,15,0.4106636047363281,Ask for help,False,15,0.5259397029876709,Ask for help,False,guitar
False,11,6,0.36259588599205017,Ask for help,False,29,0.2262265384197235,Ask for help,False,29,0.28810858726501465,Ask for help,False,dresser
False,20,6,0.31494253873825073,Ask for help,False,6,0.35491687059402466,Ask for help,False,6,0.26661553978919983,Ask for help,False,piano
False,1,29,0.8381810784339905,Re-scan,False,29,0.5248423218727112,Ask for help,False,29,0.4641744792461395,Ask for help,False,bathtub
False,21,26,0.5167778134346008,Ask for help,False,21,0.33639225363731384,Ask for help,True,21,0.43973755836486816,Ask for help,True,plant
False,14,26,0.6722002625465393,Ask for help,False,26,0.33684787154197693,Ask for help,False,8,0.3628487288951874,Ask for help,False,guitar
False,17,28,0.6619828343391418,Ask for help,False,29,0.3620762825012207,Ask for help,False,29,0.45209577679634094,Ask for help,False,monitor
False,13,28,0.741588830947876,Ask for help,False,28,0.8198809623718262,Re-scan,False,28,0.5466247200965881,Ask for help,False,glass_box
False,13,28,0.9036844968795776,Grasp,False,28,0.506885290145874,Ask for help,False,28,0.36187174916267395,Ask for help,False,glass_box
False,15,15,0.6386029720306396,Ask for help,True,15,0.37261444330215454,Ask for help,True,21,0.33175066113471985,Ask for help,False,lamp
False,9,29,0.5522181391716003,Ask for help,False,29,0.48938336968421936,Ask for help,False,29,0.33004164695739746,Ask for help,False,desk
True,10,21,0.48907551169395447,Ask for help,,21,0.24706090986728668,Ask for help,,21,0.2854674160480499,Ask for help,,cup
False,5,9,0.2553756535053253,Ask for help,False,28,0.43928977847099304,Ask for help,False,28,0.40607067942619324,Ask for help,False,car
False,4,26,0.4086412489414215,Ask for help,False,6,0.3714592754840851,Ask for help,False,6,0.24805660545825958,Ask for help,False,bookshelf
False,32,6,0.9308694005012512,Grasp,False,6,0.5430284142494202,Ask for help,False,28,0.4616377353668213,Ask for help,False,vase
False,32,29,0.29583433270454407,Ask for help,False,21,0.17966647446155548,Ask for help,False,29,0.31585049629211426,Ask for help,False,vase
False,6,8,0.4974842071533203,Ask for help,False,8,0.4950077533721924,Ask for help,False,8,0.33142486214637756,Ask for help,False,chair
False,6,22,0.18451054394245148,Ask for help,False,6,0.1805683970451355,Ask for help,True,22,0.21585066616535187,Ask for help,False,chair
False,0,8,0.45430442690849304,Ask for help,False,8,0.37326401472091675,Ask for help,False,8,0.31412094831466675,Ask for help,False,airplane
False,28,8,0.2694973349571228,Ask for help,False,8,0.3429943323135376,Ask for help,False,8,0.29673856496810913,Ask for help,False,table
False,14,14,0.5570085644721985,Ask for help,True,22,0.3579463064670563,Ask for help,False,14,0.39775338768959045,Ask for help,True,guitar
False,30,30,0.4962480664253235,Ask for help,True,30,0.2825727164745331,Ask for help,True,28,0.2555612623691559,Ask for help,False,toilet
False,4,21,0.4588594138622284,Ask for help,False,8,0.28589168190956116,Ask for help,False,21,0.28392237424850464,Ask for help,False,bookshelf
False,16,10,0.5114571452140808,Ask for help,False,10,0.5114269256591797,Ask for help,False,10,0.35107898712158203,Ask for help,False,mantel
False,16,10,0.4160788357257843,Ask for help,False,28,0.2665254473686218,Ask for help,False,28,0.5070908069610596,Ask for help,False,mantel
True,5,22,0.4418473541736603,Ask for help,,22,0.40037834644317627,Ask for help,,22,0.3342300355434418,Ask for help,,bottle
False,17,0,0.2753995358943939,Ask for help,False,8,0.27101507782936096,Ask for help,False,28,0.24610590934753418,Ask for help,False,monitor
False,14,8,0.7175812125205994,Ask for help,False,8,0.5493564605712891,Ask for help,False,8,0.5805725455284119,Ask for help,False,guitar
False,25,28,0.9157151579856873,Grasp,False,28,0.8769354820251465,Re-scan,False,28,0.6344544887542725,Ask for help,False,sofa
False,11,15,0.8115874528884888,Re-scan,False,15,0.40831127762794495,Ask for help,False,15,0.27647143602371216,Ask for help,False,dresser
False,13,26,0.46440640091896057,Ask for help,False,29,0.27477604150772095,Ask for help,False,26,0.20968501269817352,Ask for help,False,glass_box
False,21,28,0.9328776001930237,Grasp,False,28,0.8658617734909058,Re-scan,False,28,0.5772821307182312,Ask for help,False,plant
False,28,15,0.7458673119544983,Ask for help,False,15,0.4732009768486023,Ask for help,False,8,0.38481998443603516,Ask for help,False,table
False,28,8,0.315609872341156,Ask for help,False,15,0.3058205544948578,Ask for help,False,8,0.25424906611442566,Ask for help,False,table
False,28,19,0.4898335635662079,Ask for help,False,21,0.26318129897117615,Ask for help,False,21,0.3269847333431244,Ask for help,False,table
False,11,29,0.49460896849632263,Ask for help,False,29,0.6386740803718567,Ask for help,False,29,0.46119987964630127,Ask for help,False,dresser
False,30,22,0.2503679394721985,Ask for help,False,2,0.21240553259849548,Ask for help,False,19,0.26965776085853577,Ask for help,False,toilet
False,5,28,0.5976547598838806,Ask for help,False,28,0.34158265590667725,Ask for help,False,29,0.29403921961784363,Ask for help,False,car
False,25,9,0.39140424132347107,Ask for help,False,21,0.2714504599571228,Ask for help,False,26,0.21433238685131073,Ask for help,False,sofa
False,5,29,0.6688864231109619,Ask for help,False,29,0.33492952585220337,Ask for help,False,29,0.44749918580055237,Ask for help,False,car
False,11,8,0.327722430229187,Ask for help,False,15,0.24005679786205292,Ask for help,False,21,0.19252847135066986,Ask for help,False,dresser
False,20,8,0.2772454023361206,Ask for help,False,16,0.33247724175453186,Ask for help,False,16,0.2668628692626953,Ask for help,False,piano
False,5,2,0.45262518525123596,Ask for help,False,19,0.4232804775238037,Ask for help,False,19,0.2821904718875885,Ask for help,False,car
False,4,8,0.4146413505077362,Ask for help,False,4,0.3130311369895935,Ask for help,True,8,0.23155872523784637,Ask for help,False,bookshelf
False,21,21,0.34562113881111145,Ask for help,True,28,0.4258239269256592,Ask for help,False,21,0.447352796792984,Ask for help,True,plant
False,16,15,0.42992088198661804,Ask for help,False,15,0.5824928283691406,Ask for help,False,15,0.5232545733451843,Ask for help,False,mantel
False,6,6,0.4219665229320526,Ask for help,True,6,0.286016583442688,Ask for help,True,6,0.4163018465042114,Ask for help,True,chair
False,19,8,0.5854895114898682,Ask for help,False,21,0.41279691457748413,Ask for help,False,21,0.5254799127578735,Ask for help,False,person
False,6,30,0.3385382294654846,Ask for help,False,21,0.4191909432411194,Ask for help,False,28,0.3292003571987152,Ask for help,False,chair
False,2,2,0.4699132740497589,Ask for help,True,19,0.24743886291980743,Ask for help,False,2,0.1785416603088379,Ask for help,True,bed
False,17,28,0.9775007963180542,Grasp,False,28,0.488757848739624,Ask for help,False,28,0.4242842495441437,Ask for help,False,monitor
False,31,29,0.533345639705658,Ask for help,False,29,0.2959364652633667,Ask for help,False,29,0.20022039115428925,Ask for help,False,tv_stand
True,18,15,0.18936830759048462,Ask for help,,8,0.27811574935913086,Ask for help,,8,0.34918880462646484,Ask for help,,keyboard
False,0,8,0.5516873002052307,Ask for help,False,8,0.4562814235687256,Ask for help,False,8,0.4508008062839508,Ask for help,False,airplane
False,0,8,0.48441681265830994,Ask for help,False,8,0.5868034958839417,Ask for help,False,8,0.39680346846580505,Ask for help,False,airplane
False,30,30,0.5233375430107117,Ask for help,True,30,0.26166924834251404,Ask for help,True,8,0.2601601779460907,Ask for help,False,toilet
False,2,30,0.7409068942070007,Ask for help,False,30,0.40237993001937866,Ask for help,False,8,0.2707207202911377,Ask for help,False,bed
False,30,22,0.3505980670452118,Ask for help,False,29,0.3589402139186859,Ask for help,False,29,0.31191858649253845,Ask for help,False,toilet
False,17,19,0.5675904154777527,Ask for help,False,28,0.37125006318092346,Ask for help,False,28,0.24752545356750488,Ask for help,False,monitor
False,9,29,0.4361657500267029,Ask for help,False,29,0.21823765337467194,Ask for help,False,28,0.3030683398246765,Ask for help,False,desk
False,20,28,0.943746030330658,Grasp,False,28,0.49081215262413025,Ask for help,False,28,0.3272230327129364,Ask for help,False,piano
False,16,28,0.9130358099937439,Grasp,False,28,0.4565179646015167,Ask for help,False,28,0.4620506763458252,Ask for help,False,mantel
False,9,8,0.5968426465988159,Ask for help,False,28,0.3489137887954712,Ask for help,False,8,0.34469303488731384,Ask for help,False,desk
False,25,19,0.6859381198883057,Ask for help,False,19,0.34336358308792114,Ask for help,False,19,0.22987262904644012,Ask for help,False,sofa
False,18,22,0.28446540236473083,Ask for help,False,22,0.2818566560745239,Ask for help,False,22,0.19754691421985626,Ask for help,False,night_stand
False,32,28,0.20334981381893158,Ask for help,False,8,0.2544950544834137,Ask for help,False,21,0.22451145946979523,Ask for help,False,vase
False,18,19,0.3607099950313568,Ask for help,False,19,0.33267197012901306,Ask for help,False,19,0.22749556601047516,Ask for help,False,night_stand
False,14,8,0.7544030547142029,Ask for help,False,14,0.47072118520736694,Ask for help,True,8,0.5275670886039734,Ask for help,False,guitar
False,32,16,0.26760050654411316,Ask for help,False,21,0.23193268477916718,Ask for help,False,10,0.21893428266048431,Ask for help,False,vase
False,25,28,0.2778099477291107,Ask for help,False,8,0.25503477454185486,Ask for help,False,8,0.2836132049560547,Ask for help,False,sofa
False,5,19,0.8792020082473755,Grasp,False,19,0.4425014555454254,Ask for help,False,19,0.2975224554538727,Ask for help,False,car
False,25,6,0.16539686918258667,Ask for help,False,26,0.18713314831256866,Ask for help,False,26,0.1258855015039444,Ask for help,False,sofa
False,11,15,0.6397041082382202,Ask for help,False,15,0.32748258113861084,Ask for help,False,28,0.36804404854774475,Ask for help,False,dresser
False,23,21,0.5882157683372498,Ask for help,False,28,0.33711037039756775,Ask for help,False,28,0.28885266184806824,Ask for help,False,range_hood
False,28,28,0.4596996307373047,Ask for help,True,28,0.5800871849060059,Ask for help,True,28,0.5449174046516418,Ask for help,True,table
False,12,21,0.8744705319404602,Re-scan,False,21,0.8587024807929993,Re-scan,False,21,0.6014564633369446,Ask for help,False,flower_pot
False,30,19,0.4336228668689728,Ask for help,False,29,0.24149073660373688,Ask for help,False,28,0.30736467242240906,Ask for help,False,toilet
False,15,26,0.40132319927215576,Ask for help,False,15,0.6751686930656433,Ask for help,True,15,0.5940349698066711,Ask for help,True,lamp
False,34,21,0.19316183030605316,Ask for help,False,8,0.18837857246398926,Ask for help,False,26,0.21583551168441772,Ask for help,False,xbox
False,5,28,0.5888030529022217,Ask for help,False,28,0.45847487449645996,Ask for help,False,28,0.30651968717575073,Ask for help,False,car
False,23,21,0.5730431079864502,Ask for help,False,21,0.297619104385376,Ask for help,False,28,0.3744955360889435,Ask for help,False,range_hood
False,12,8,0.30129891633987427,Ask for help,False,29,0.2637193500995636,Ask for help,False,28,0.24903996288776398,Ask for help,False,flower_pot
False,16,21,0.5056995153427124,Ask for help,False,15,0.4292660355567932,Ask for help,False,15,0.32728493213653564,Ask for help,False,mantel
False,4,27,0.585988461971283,Ask for help,False,27,0.32637420296669006,Ask for help,False,3,0.2851113975048065,Ask for help,False,bookshelf
False,32,7,0.3777981996536255,Ask for help,False,7,0.5219240784645081,Ask for help,False,7,0.46969231963157654,Ask for help,False,vase
False,9,0,0.24802207946777344,Ask for help,False,8,0.3309031128883362,Ask for help,False,9,0.3761136531829834,Ask for help,True,desk
False,12,15,0.2973778545856476,Ask for help,False,8,0.21773585677146912,Ask for help,False,8,0.26001814007759094,Ask for help,False,flower_pot
False,32,15,0.4819147288799286,Ask for help,False,28,0.4249624013900757,Ask for help,False,28,0.4043769836425781,Ask for help,False,vase
False,30,28,0.33757495880126953,Ask for help,False,30,0.41915997862815857,Ask for help,True,30,0.2993195950984955,Ask for help,True,toilet
False,28,28,0.39820608496665955,Ask for help,True,8,0.3348618745803833,Ask for help,False,28,0.46057555079460144,Ask for help,True,table
False,25,19,0.6967782378196716,Ask for help,False,19,0.3484340012073517,Ask for help,False,28,0.4378662407398224,Ask for help,False,sofa
True,6,19,0.51180100440979,Ask for help,,19,0.2560083270072937,Ask for help,,21,0.2566414475440979,Ask for help,,bowl
False,32,21,0.4951514005661011,Ask for help,False,15,0.4239829480648041,Ask for help,False,15,0.3596821129322052,Ask for help,False,vase
False,21,21,0.5576873421669006,Ask for help,True,21,0.5607177019119263,Ask for help,True,21,0.4829545319080353,Ask for help,True,plant
False,31,19,0.4767346680164337,Ask for help,False,28,0.4333639144897461,Ask for help,False,28,0.44191479682922363,Ask for help,False,tv_stand
False,16,19,0.5670663714408875,Ask for help,False,19,0.2856388986110687,Ask for help,False,28,0.2687348425388336,Ask for help,False,mantel
False,32,15,0.31364551186561584,Ask for help,False,29,0.3341628611087799,Ask for help,False,29,0.37700891494750977,Ask for help,False,vase
False,23,15,0.30130448937416077,Ask for help,False,15,0.3546326756477356,Ask for help,False,15,0.23721535503864288,Ask for help,False,range_hood
False,13,29,0.6575456857681274,Ask for help,False,29,0.32880696654319763,Ask for help,False,29,0.24241946637630463,Ask for help,False,glass_box
False,5,29,0.5709485411643982,Ask for help,False,29,0.5256401300430298,Ask for help,False,29,0.3507023751735687,Ask for help,False,car
False,16,6,0.32634130120277405,Ask for help,False,6,0.22526812553405762,Ask for help,False,21,0.25164374709129333,Ask for help,False,mantel
True,6,10,0.5296210050582886,Ask for help,,10,0.284930944442749,Ask for help,,19,0.3570244610309601,Ask for help,,bowl
False,29,29,0.5148370265960693,Ask for help,True,29,0.4425591826438904,Ask for help,True,29,0.5171020030975342,Ask for help,True,tent
False,2,8,0.5634189248085022,Ask for help,False,8,0.394234836101532,Ask for help,False,8,0.30204376578330994,Ask for help,False,bed
True,5,21,0.40850624442100525,Ask for help,,15,0.4428172707557678,Ask for help,,15,0.29789862036705017,Ask for help,,bottle
True,5,6,0.33311721682548523,Ask for help,,15,0.29919880628585815,Ask for help,,15,0.4465869963169098,Ask for help,,bottle
False,14,8,0.6994212865829468,Ask for help,False,8,0.42691174149513245,Ask for help,False,14,0.5626430511474609,Ask for help,True,guitar
False,27,28,0.9625808000564575,Grasp,False,28,0.4812917709350586,Ask for help,False,28,0.5645911693572998,Ask for help,False,stool
False,2,19,0.8302027583122253,Re-scan,False,28,0.4703274667263031,Ask for help,False,19,0.46184325218200684,Ask for help,False,bed
False,32,8,0.4168436825275421,Ask for help,False,8,0.20843863487243652,Ask for help,False,27,0.24384130537509918,Ask for help,False,vase
False,34,29,0.566070556640625,Ask for help,False,29,0.45563435554504395,Ask for help,False,29,0.3039208650588989,Ask for help,False,xbox
False,28,15,0.42517343163490295,Ask for help,False,8,0.3246786594390869,Ask for help,False,28,0.2722075879573822,Ask for help,True,table
True,6,28,0.348622590303421,Ask for help,,10,0.4404256343841553,Ask for help,,10,0.3244234323501587,Ask for help,,bowl
False,31,28,0.39284878969192505,Ask for help,False,27,0.3606984615325928,Ask for help,False,28,0.3387918174266815,Ask for help,False,tv_stand
False,28,29,0.6568737030029297,Ask for help,False,29,0.4343661069869995,Ask for help,False,29,0.2896285653114319,Ask for help,False,table
False,21,29,0.6788136959075928,Ask for help,False,29,0.33958420157432556,Ask for help,False,21,0.3334444761276245,Ask for help,True,plant
False,4,21,0.270602285861969,Ask for help,False,3,0.41821736097335815,Ask for help,False,3,0.42541933059692383,Ask for help,False,bookshelf
False,4,26,0.4689634442329407,Ask for help,False,16,0.3692706227302551,Ask for help,False,19,0.27371543645858765,Ask for help,False,bookshelf
False,23,19,0.8988380432128906,Grasp,False,19,0.4559036195278168,Ask for help,False,19,0.30412742495536804,Ask for help,False,range_hood
False,8,14,0.6407662630081177,Ask for help,False,14,0.39215293526649475,Ask for help,False,14,0.3275519013404846,Ask for help,False,curtain
False,28,15,0.31806325912475586,Ask for help,False,28,0.4311068058013916,Ask for help,True,28,0.4386104643344879,Ask for help,True,table
False,6,28,0.4415596127510071,Ask for help,False,28,0.608934760093689,Ask for help,False,28,0.40596213936805725,Ask for help,False,chair
False,16,16,0.49321290850639343,Ask for help,True,10,0.4549744725227356,Ask for help,False,10,0.3328655958175659,Ask for help,False,mantel
False,6,6,0.2997734844684601,Ask for help,True,8,0.2725909352302551,Ask for help,False,8,0.19110511243343353,Ask for help,False,chair
False,21,21,0.24825681746006012,Ask for help,True,21,0.435032457113266,Ask for help,True,21,0.3493257462978363,Ask for help,True,plant
True,5,19,0.46914437413215637,Ask for help,,19,0.23463766276836395,Ask for help,,21,0.28577539324760437,Ask for help,,bottle
False,28,8,0.3888653814792633,Ask for help,False,28,0.47668781876564026,Ask for help,True,28,0.3345828056335449,Ask for help,True,table
False,17,19,0.804989755153656,Re-scan,False,19,0.4031621813774109,Ask for help,False,0,0.3522838056087494,Ask for help,False,monitor
False,20,21,0.5250785946846008,Ask for help,False,28,0.4500187635421753,Ask for help,False,28,0.30001404881477356,Ask for help,False,piano
False,6,26,0.17732873558998108,Ask for help,False,8,0.20292441546916962,Ask for help,False,6,0.23111625015735626,Ask for help,True,chair
False,11,8,0.2905051112174988,Ask for help,False,28,0.38353851437568665,Ask for help,False,28,0.3139611482620239,Ask for help,False,dresser
False,31,3,0.6180275082588196,Ask for help,False,3,0.30966371297836304,Ask for help,False,27,0.22118866443634033,Ask for help,False,tv_stand
False,11,29,0.5520656704902649,Ask for help,False,29,0.2800483703613281,Ask for help,False,29,0.3406190872192383,Ask for help,False,dresser
False,28,8,0.3931545317173004,Ask for help,False,8,0.4499412775039673,Ask for help,False,8,0.5263301134109497,Ask for help,False,table
False,0,8,0.3464285433292389,Ask for help,False,19,0.4097912013530731,Ask for help,False,8,0.30947956442832947,Ask for help,False,airplane
False,11,22,0.2624113857746124,Ask for help,False,29,0.4769948124885559,Ask for help,False,29,0.39013877511024475,Ask for help,False,dresser
False,11,28,0.7496917843818665,Ask for help,False,28,0.8655657768249512,Re-scan,False,28,0.6673458218574524,Ask for help,False,dresser
