true_class_name,pred_class_name,confidence,total_entropy,epistemic
bottle,vase,0.9449324011802672,0.265438973903656,0.0147795379161834
cup,vase,0.9325661063194276,0.2772055268287658,0.0168052315711975
bottle,vase,0.927424967288971,0.3160551190376282,0.0197903513908386
bottle,vase,0.9185311198234558,0.3455665707588196,0.0213013887405395
bottle,vase,0.917376697063446,0.389151930809021,0.0273594558238983
bottle,vase,0.9076930284500122,0.4801907837390899,0.0501568913459777
bottle,vase,0.8935871124267578,0.4671082496643066,0.0601848661899566
bottle,vase,0.8935102820396423,0.485872745513916,0.0489677786827087
cup,vase,0.8920378088951111,0.4095061123371124,0.0273637473583221
